timestamp,portfolio_return,equity
2016-01-01,-0.18528361854045233,0.8147163814595477
2016-01-05,-0.03982139344345691,0.7822732398886175
2016-01-06,0.02894078265928388,0.8049128397044077
2016-01-07,-0.0206395279462253,0.788299818655053
2016-01-08,-0.04344740697297371,0.7540502356172256
2016-01-11,-0.027059967539309754,0.7336456607184146
2016-01-12,-0.04305036234134728,0.7020619491943297
2016-01-13,-0.04563601862501275,0.6700226370049845
2016-01-14,-0.06249185343512874,0.6281516805750506
2016-01-15,0.04972245209375632,0.659384922420056
2016-01-19,0.09208035746022492,0.7201013217803774
2016-01-20,0.06864616206439889,0.7695335138181012
2016-01-21,0.029397368631519635,0.7921557741981206
2016-01-22,-0.08376019125722914,0.7258046550457676
2016-01-25,0.006337779949618671,0.7304046452358566
2016-01-26,-0.0014341390637043878,0.7293571434018127
2016-01-27,0.003081976495499944,0.731605004974602
2016-01-28,0.05585629420869395,0.7724697493770164
2016-01-29,0.017032116190473266,0.7856265439020315
2016-02-01,-0.003678363956278066,0.7827367235398469
2016-02-02,0.16440498707255702,0.9114225444546311
2016-02-03,0.12027529780019285,1.0210441624107214
2016-02-04,0.10369982211722956,1.1269262604265489
2016-02-05,0.09410550343460442,1.2329762234976653
2016-02-08,0.29530782077140555,1.5970837451217184
2016-02-09,0.3028725536255998,2.08079657736067
2016-02-10,0.3235967344543601,2.754135554858392
2016-02-11,0.3468565256748886,3.709425444654255
2016-02-12,0.27838597841209245,4.7420774764110405
2016-02-15,0.10383910400088467,5.234490552664339
2016-02-16,0.19590763226077668,6.259967202928214
2016-02-17,2.2279245116140083,20.206701576231765
2016-02-18,2.2584713651499757,65.84295847028208
2016-02-19,2.262948916076244,214.8422099718601
2016-02-22,2.2575211828412973,699.853049951772
2016-02-23,2.2583073189462755,2280.336314844732
2016-02-24,2.2344658981509884,7375.670046680581
2016-02-25,2.2457904277125804,23939.879235482233
2016-02-26,2.2625818858428075,78105.81634294869
2016-02-29,0.2623458109074688,98596.55006802939
2016-03-01,0.23646579905299941,121911.26206373503
2016-03-02,0.16564574927215658,142105.34441299667
2016-03-03,0.0818775883215096,153740.58730113035
2016-03-04,0.04157621553996604,160132.5390960031
2016-03-07,4.522390374483701,884314.3925454024
2016-03-08,2.131780376493668,2769478.4612246095
2016-03-09,2.12832819470732,8663837.554883588
2016-03-10,2.1413055035401376,27215760.592933543
2016-03-11,2.6769993441791926,100072333.85155456
2016-03-14,2.485366382254174,348788748.19992465
2016-03-15,0.1213709362050608,391121565.1067407
2016-03-16,0.09578812959619343,428586368.27305126
2016-03-17,0.11152798431936041,476385742.03329974
2016-03-18,0.09082896043606863,519655363.7487495
2016-03-21,0.09338703763200715,568184438.7588283
2016-03-22,0.05055910341696064,596911334.5579436
2016-03-23,0.10767640557318246,661184601.5090343
2016-03-24,0.09903024763881493,726661876.3314451
2016-03-28,0.14244977188562366,830174694.8528388
2016-03-29,0.13227011611247597,939981998.134663
2016-03-30,0.12853057808517915,1060798427.744573
2016-03-31,0.0789423795870024,1144540379.8928804
2016-04-01,0.07867537707778904,1234587525.8617086
2016-04-04,6.8961267190777935,9748459549.996784
2016-04-05,0.6179577998185148,15772596165.132586
2016-04-06,0.010394918909067304,15936551023.254604
2016-04-07,0.03386168616234066,16476189512.514181
2016-04-08,0.02318699709840812,16858222870.933672
2016-04-13,-0.0553117047994839,15925765824.052681
2016-04-14,-0.031449161958411506,15424913835.340313
2016-04-15,-0.05406322508374253,14590993246.762976
2016-04-18,0.00276133104656682,14631283809.41551
2016-04-19,-0.035860935504516946,14106592284.377777
2016-04-20,-0.016751105992948104,13870291261.82286
2016-04-21,0.0028905883161658708,13910384563.686104
2016-04-22,-0.09549231146696434,12582049788.305338
2016-04-25,-0.011405609555356355,12438543841.013874
2016-04-26,-0.06461092519719185,11634878015.340136
2016-04-27,-0.026718953025868145,11324006256.186556
2016-04-28,-0.03793810890461412,10894394873.60282
2016-04-29,-0.0345106678787718,10518422030.379719
2016-05-02,-0.02679714774935162,10236558321.141598
2016-05-04,0.05341255481336653,10783319053.569798
2016-05-05,0.05597829068057934,11386950822.051956
2016-05-06,0.03126678301593562,11742984142.618185
2016-05-09,0.0685666074829652,12548160727.00377
2016-05-10,0.06739259324810735,13393813818.890612
2016-05-11,-0.022605520336361984,13091039688.226234
2016-05-12,-0.004182559024822476,13036285642.033936
2016-05-13,-0.0024451870405585367,13004409485.325016
2016-05-16,0.06306241450335283,13824498946.659916
2016-05-17,0.06814398509016772,14766555396.760149
2016-05-18,0.09739129968114434,16204689418.664236
2016-05-19,0.07213072315445399,17373545384.925816
2016-05-20,0.044218377088447114,18141775366.119713
2016-05-23,0.0315250522113999,18713695781.744125
2016-05-24,0.020809453491804575,19103117563.77411
2016-05-25,0.032013019193381176,19714666032.996628
2016-05-26,0.027230892533950606,20251513985.083885
2016-05-27,-0.00229753811439609,20204985359.82893
2016-05-30,0.1950226368845704,24145414882.91691
2016-05-31,0.00865634693275502,24354425970.97874
2016-06-01,0.028154183739229982,25040104954.629154
2016-06-02,0.05329032898629303,26374500385.512646
2016-06-03,0.04609629619395385,27590267167.25079
2016-06-06,0.003103146004706899,27675883794.57964
2016-06-07,0.009259566792641928,27932150489.120945
2016-06-08,0.009844500042771416,28207128545.805794
2016-06-09,0.017130868557216593,28690341157.300507
2016-06-10,0.018347534750585166,29216738188.690224
2016-06-13,0.02965556563033423,30083177085.54922
2016-06-14,0.48809479216531865,44766619152.79285
2016-06-15,0.5062621888287334,67430265751.54806
2016-06-16,0.5344709759144919,103469785693.95149
2016-06-17,0.6403798058448019,169729746967.4474
2016-06-20,0.4984409649004139,254330005818.20496
2016-06-21,0.492292488306124,379534757233.36005
2016-06-22,0.49189680079355924,566226690106.41
2016-06-23,0.4879540809720616,842519314299.1357
2016-06-24,8.919909102060211,8357715014577.524
2016-06-27,7.919020703787094,74542633251369.19
2016-06-28,8.344162081531337,696538447084941.0
2016-06-29,0.055184797474803114,734976780220737.4
2016-06-30,0.14991867404294848,845163524563786.0
2016-07-01,0.08435203315177568,916454786206462.1
2016-07-04,0.07977003830386788,989560419605914.8
2016-07-05,0.09693810210325565,1085486528599013.4
2016-07-06,0.09632916542355122,1190050539977464.0
2016-07-07,0.05019862001666822,1249789434834423.5
2016-07-08,0.09508812189017973,1368629564951018.0
2016-07-11,0.06609826890847526,1459093609971240.0
2016-07-12,0.040667620798078494,1518431475610449.8
2016-07-13,0.0784219015355089,1637509759279190.0
2016-07-14,0.07278786140632533,1756700592689108.8
2016-07-15,0.06389475437892332,1868944545576288.2
2016-07-18,0.042031712276164514,1947499484976057.8
2016-07-19,0.04583520939503945,2036763531666666.8
2016-07-20,0.0740706001574139,2187627828835950.5
2016-07-21,0.06726330843847327,2334774914235530.5
2016-07-22,0.07925674578169116,2519821576070565.5
2016-08-08,0.01835718049911738,2566078395568063.5
2016-08-09,0.0026543900994746685,2572889768655735.0
2016-08-10,-0.004997985106408604,2560030503911562.5
2016-08-11,-0.010697524292260892,2532644515407039.5
2016-08-12,-0.017541407214681903,2488218366632254.0
2016-08-15,-0.028362283636352043,2417646811568649.5
2016-08-16,-0.012732888639809023,2386863183946556.5
2016-08-17,-0.014223610889191798,2352913370772363.5
2016-08-23,-0.041091751618002215,2256228038961909.0
2016-08-24,-0.017586160104198393,2216549651437143.2
2016-08-25,-0.05292834808995635,2099231339927206.8
2016-08-26,-0.07238794196499085,1947272303521466.0
2016-08-29,-0.024285799289959584,1899981239195246.5
2016-08-30,-0.022202927542549815,1857796093409190.5
2016-08-31,-0.00021862691338479442,1857389929183590.0
2016-09-01,0.015718647483250137,1886585586719366.0
2016-09-02,0.002446365111873317,1891200863879279.2
2016-09-06,-0.03806884576053371,1819205029890070.8
2016-09-07,-0.02425608800869852,1775078232579190.2
2016-09-08,-0.03398116064305927,1714759014003919.2
2016-09-09,-0.04662978848057809,1634800163885751.8
2016-09-12,-0.07790666804218077,1507438330202601.8
2016-09-13,-0.060853737771962624,1415705073349047.2
2016-09-14,-0.030624950727334788,1372349175233294.8
2016-09-15,-0.07061266274103348,1275443945759610.5
2016-09-16,0.005312057214635022,1282219176973545.5
2016-09-19,0.0061034969373558335,1290045197793222.5
2016-09-20,0.0040388400763798765,1295255484038411.0
2016-09-21,-0.025016177454949592,1262853143000209.5
2016-09-22,-0.03812279979137712,1214709645463701.2
2016-09-23,-0.05043572179857792,1153444887719044.8
2016-09-26,-0.024555383451642807,1125121606210766.6
2016-09-27,-0.03395529586042858,1086917769192919.5
2016-09-28,-0.03381833245399029,1050160022724203.9
2016-09-29,-0.018052304003670482,1031202214741485.0
2016-09-30,-0.010595257489022323,1020276361753048.9
2016-10-03,-0.020774369643206492,999080763475765.2
2016-10-04,-0.02384492359839703,975257759002057.4
2016-10-05,-0.010414298489158366,965101133595942.4
2016-10-06,-0.020317798363303743,945492403363344.1
2016-10-07,0.004296805874652895,949555000676555.4
2016-10-10,-0.013905122014236328,936351322532919.6
2016-10-11,0.03367680730869795,967884645595105.2
2016-10-12,0.010349334520476847,977901607569602.1
2016-10-13,-0.0004201040880278204,977490787106573.1
2016-10-14,-0.0052194391526498305,972388833420994.5
2016-10-17,0.006816571360653067,979017191294311.0
2016-10-18,0.0010952939026087315,980089502854484.9
2016-10-19,-0.021522039358921424,958995977998785.0
2016-10-20,0.006522173652423807,965250716299269.1
2016-10-21,-0.08899046564350598,879352605593069.5
2016-10-24,-0.0841897463836,805320132746431.1
2016-10-25,-0.08657226153958551,735601747591213.4
2016-10-26,-0.030416805598754038,713227092236627.8
2016-10-27,-0.011251053130215061,705202536327964.6
2016-10-28,-0.03432879967124642,680993779730707.0
2016-10-31,0.03852676314355481,707230265784626.1
2016-11-01,-0.01703775889252891,695180647034688.5
2016-11-02,0.03756452236508058,721294775997994.2
2016-11-03,0.035445707712808354,746861579802794.8
2016-11-04,0.033902020614759706,772181696477641.1
2016-11-07,0.02535207218497132,791758102586656.0
2016-11-08,0.02963733401122003,815223701929106.5
2016-11-10,0.0770646471954033,878048628903603.8
2016-11-11,0.04791019573417001,920116110578495.1
2016-11-14,0.01505074368091734,933964542315494.6
2016-11-15,0.04375152786178313,974826918010528.5
2016-11-16,0.014971208595116463,989421255144198.5
2016-11-17,0.023319809120006973,1012494369953438.9
2016-11-18,0.01984287945595911,1032585173686262.2
2016-11-21,-0.0022786928355211524,1030232229248918.0
2016-11-22,0.035868119862176674,1067184722333495.6
2016-11-23,0.029723525151702138,1098905214269287.5
2016-11-24,0.030581442596690222,1132511320998667.2
2016-11-25,0.0029182116150032905,1135816228689728.2
2016-11-28,-0.0200905712997588,1112997031763814.1
2016-11-29,0.014397467957056223,1129021370864932.2
2016-11-30,-0.010444380989363861,1117229441522485.0
2016-12-01,0.050172087553888634,1173283174880333.2
2016-12-02,0.03862990348974629,1218606990692103.8
2016-12-05,0.0073632017614184584,1227579839832444.8
2016-12-06,0.012541889337383337,1242976010336426.2
2016-12-07,0.007466391094273398,1252256555350397.5
2016-12-08,0.006496382995531001,1260391693542618.0
2016-12-09,0.013314561394796073,1277173256127782.2
2016-12-12,0.01945999303467181,1302027038796098.0
2016-12-13,0.03502748196781752,1347633767419139.2
2016-12-14,0.04677773283460478,1410673019750363.8
2016-12-15,0.03151104747002268,1455124804240397.8
2016-12-16,0.05630469048495023,1537055155960127.2
2016-12-19,0.05402308120358299,1620091611464947.0
2016-12-20,0.05186802956445054,1704122571065529.0
2016-12-21,0.05980323859517121,1806034619778377.5
2016-12-22,0.07422741148868511,1940091894663478.2
2016-12-23,0.03642777253963405,2010765120908267.0
2016-12-26,0.15494639881042854,2322325935246619.0
2016-12-27,0.04046706719047645,2416303654906430.0
2016-12-28,0.06649315047085591,2576971297415402.5
2016-12-29,0.07569065584020879,2772023944998168.0
2016-12-30,0.07949654201515881,2992390263008741.0
2017-01-02,0.1479053937781732,3434980923197020.0
2017-01-03,0.05909585695844739,3637974064489267.0
2017-01-06,0.510174407157413,5493975326094123.0
2017-01-09,0.5145806750087287,8321068857876937.0
2017-01-10,0.508757756174477,1.2554477178983726e+16
2017-01-11,0.05123707604426775,1.319773188089934e+16
2017-01-12,0.05951453812269168,1.3983188798058186e+16
2017-01-13,0.049447632572524894,1.4674624379936812e+16
2017-01-16,0.13862610249552926,1.6708910363313326e+16
2017-01-17,0.05205079854910295,1.7578622490609168e+16
2017-01-18,0.025568556276935668,1.8028082489031316e+16
2017-01-19,0.043261218545605974,1.880799930554751e+16
2017-01-20,0.045001453149543146,1.9654386605132748e+16
2017-01-23,0.061735898123592814,2.0867767814268932e+16
2017-01-24,0.08756332532721128,2.269501895624247e+16
2017-01-25,0.08369198136578895,2.4594410059824544e+16
2017-01-26,0.06980359869708327,2.6311188389832044e+16
2017-01-27,0.03627331248003049,2.7265582348017372e+16
2017-01-30,0.045453302588324175,2.8504893112728676e+16
2017-01-31,0.0257172402393093,2.923796029690455e+16
2017-02-01,5.723610675788838,1.9658466199055763e+17
2017-02-02,5.721598107574783,1.3213630920139604e+18
2017-02-03,0.5216523756047535,2.0106552879994854e+18
2017-02-06,-0.016463545999166062,1.9775527721770394e+18
2017-02-07,-0.024999170863280924,1.9281155925342305e+18
2017-02-08,-0.039588600686276794,1.8517841942644088e+18
2017-02-09,-0.015270773578856795,1.8235060171168914e+18
2017-02-10,-0.026618276405965813,1.7749674299253322e+18
2017-02-13,-0.020260637834335415,1.739005457659874e+18
2017-02-14,0.0048116341655013856,1.7473729157339436e+18
2017-02-15,-0.031103711215727782,1.6930231331767708e+18
2017-02-16,-3.271598226103423e-05,1.692967744261978e+18
2017-02-17,-0.039391837593568735,1.62627863382886e+18
2017-02-20,0.0510545312807395,1.7093075272108739e+18
2017-02-21,-0.006918370682886364,1.6974819041265812e+18
2017-02-22,-0.015722057589381683,1.6707939958729697e+18
2017-02-23,0.006512504245996892,1.6816750488652785e+18
2017-02-24,0.0015373896009989998,1.6842604385976632e+18
2017-02-27,0.006301999836729957,1.6948746476067164e+18
2017-02-28,-0.0002939840437416229,1.694376381504178e+18
2017-03-01,0.004825559686787163,1.702552695865009e+18
2017-03-02,0.03996725114060155,1.770599047040754e+18
2017-03-03,0.04283926111063387,1.8464502019391724e+18
2017-03-06,0.033454310835173647,1.9082219209365146e+18
2017-03-07,0.009312892188706911,1.9259929859583235e+18
2017-03-08,0.019648097336431497,1.9638350836157169e+18
2017-03-09,0.018096185053130414,1.9993730067026568e+18
2017-03-10,0.01694923901806768,2.0332608576795328e+18
2017-03-13,0.000968650872539163,2.0352303775834235e+18
2017-03-14,0.01586545691228105,2.067520237445539e+18
2017-03-15,0.0017383395553876085,2.071114289655855e+18
2017-03-16,0.02064402175391959,2.1138704181063644e+18
2017-03-17,0.027499419935098957,2.1720006284222543e+18
2017-03-20,-0.001747898177796111,2.1682041924816632e+18
2017-03-21,0.022547065513104227,2.2170908344553344e+18
2017-03-22,-0.003762076492399961,2.2087499691455145e+18
2017-03-23,0.05907225088906494,2.3392258014740925e+18
2017-03-24,0.062422880662864194,2.4852470145230024e+18
2017-03-27,0.07379635132091765,2.6686491763260037e+18
2017-03-30,0.021874775241230493,2.72702527725583e+18
2017-03-31,0.03462473010558259,2.821447791471915e+18
2017-04-03,-0.006998050820592676,2.8017031564395453e+18
2017-04-04,-0.0070069071221534355,2.782071882638529e+18
2017-04-05,0.014137096678406208,2.8214023018096655e+18
2017-04-06,-0.0036874004420096073,2.8109986617148856e+18
2017-04-07,-0.0004069090683241558,2.809854840868387e+18
2017-04-10,0.011509515927451346,2.842194909913188e+18
2017-04-11,0.02820847319103305,2.922368888833165e+18
2017-04-12,0.041425877227599606,3.0434305836357243e+18
2017-04-13,0.06118002342542044,3.229627738036199e+18
2017-04-17,0.07427633610244268,3.4695126533923476e+18
2017-04-18,0.03649801215907078,3.5961429684019113e+18
2017-04-19,0.037303589318280754,3.730292008824999e+18
2017-04-20,0.043972069299707546,3.8943206675451976e+18
2017-04-21,0.025468463954421913,3.993503033093532e+18
2017-04-24,0.006515390424489312,4.0195222645155185e+18
2017-04-25,-0.008167347231043079,3.986693430478312e+18
2017-04-26,0.014920644386977731,4.0461774654343793e+18
2017-04-27,0.01963202300560959,4.125612114520566e+18
2017-04-28,0.035928163323517656,4.2738377803805435e+18
2017-05-01,0.009982336023378308,4.316500665213712e+18
2017-05-02,0.5818080923244079,6.827875682758739e+18
2017-05-03,0.5229177330974267,1.0398292956657983e+19
2017-05-04,0.5721058883301466,1.6347217585743907e+19
2017-05-05,0.5248121949775982,2.4926436728694563e+19
2017-05-08,0.5616628107361815,3.892668924337074e+19
2017-05-09,0.6103556237724936,6.268581293790631e+19
2017-05-10,0.54969753292915,9.714404965953159e+19
2017-05-11,0.5635206091530783,1.5188672369926773e+20
2017-05-12,0.5103583418591318,2.294033801568421e+20
2017-05-15,0.47493401529669454,3.383548486173652e+20
2017-05-16,0.5316861913299764,5.182534493967628e+20
2017-05-17,0.48683375496899495,7.705567221922228e+20
2017-05-18,0.4838826367300605,1.1434157406766684e+21
2017-05-19,0.555190310111977,1.7782290803298638e+21
2017-05-22,0.5443897011036728,2.7462786778644973e+21
2017-05-23,0.5571911004236272,4.2764807164537607e+21
2017-05-24,0.5090654089780349,6.453489121361975e+21
2017-05-25,-0.0037504518303884166,6.429285621274371e+21
2017-05-26,0.010620589809228862,6.497568426624299e+21
2017-05-29,-0.03183199974098855,6.290737830150939e+21
2017-05-30,68.12112837222136,4.348228971138523e+23
2017-05-31,113.55680142469598,4.981192027958259e+25
2017-06-01,0.027062451402909027,5.115995295143437e+25
2017-06-02,0.01658146329242547,5.20082598333408e+25
2017-06-05,0.006018743792560713,5.23212842243746e+25
2017-06-06,0.005863097712704087,5.262804902623627e+25
2017-06-07,0.015346408150482988,5.343570054675653e+25
2017-06-08,0.015534224999806865,5.426578274207215e+25
2017-06-09,0.03134058547965815,5.596650414472063e+25
2017-06-12,0.038581167135842205,5.81257571951369e+25
2017-06-13,0.028739847367442697,5.979628258504217e+25
2017-06-14,0.04179895771280273,6.2295704872197156e+25
2017-06-15,0.048364636440200885,6.530861399012702e+25
2017-06-16,0.10102164459716216,7.190619758177088e+25
2017-06-19,0.07419679026841398,7.724140664274467e+25
2017-06-20,0.05956568019286156,8.184234356847316e+25
2017-06-21,0.07036116961119411,8.760086658567212e+25
2017-06-22,0.06166260736038431,9.300256442637382e+25
2017-06-23,0.05663117893552409,9.82694092938664e+25
2017-06-26,0.03290780379545025,1.0150323973400375e+26
2017-06-27,0.05877307300114665,1.0746889705274323e+26
2017-06-28,0.029410649217461587,1.1062962708574894e+26
2017-06-29,0.020852086845277864,1.1293648567740169e+26
2017-06-30,0.05671588697804526,1.1934177863477884e+26
2017-07-03,0.05969758347142358,1.264661944264567e+26
2017-07-04,0.2758431107616633,1.6135102290323984e+26
2017-07-05,0.03256303314233829,1.6660510160958822e+26
2017-07-06,0.06917547977747546,1.7813008944680654e+26
2017-07-07,0.013701366901843978,1.805707151585755e+26
2017-07-10,0.02556474578908364,1.8518695958855752e+26
2017-07-11,0.007735770944903044,1.866195234899176e+26
2017-07-12,-0.019458744919133783,1.8298814178539702e+26
2017-07-13,0.002594086724381093,1.8346282889472168e+26
2017-07-14,0.024377143767452238,1.879351286506718e+26
2017-07-17,0.0034499102707750604,1.885834879812432e+26
2017-07-25,-0.011988942859932286,1.8632257131950935e+26
2017-07-26,-0.022921284188901173,1.8205181871148806e+26
2017-07-27,0.006465757175624391,1.8322892156465733e+26
2017-07-28,-0.008869090567342,1.81603847664744e+26
2017-07-31,-0.014624473414777857,1.7894798702254958e+26
2017-08-01,0.01087929122610266,1.8089481428769274e+26
2017-08-02,0.031389835776693485,1.8657307280103888e+26
2017-08-03,0.03956118302955698,1.9395412428250765e+26
2017-08-04,0.03721216670328204,2.0117157748809742e+26
2017-08-07,0.05756713706079775,2.1275244926209162e+26
2017-08-08,0.05148579224789875,2.237061776650313e+26
2017-08-09,0.05928122525909584,2.3696775397504332e+26
2017-08-10,0.04934391031310298,2.4866066957428532e+26
2017-08-11,0.06353154197598719,2.644584653411211e+26
2017-08-14,0.05411864459476692,2.7877059903699475e+26
2017-08-15,0.33131777449310595,3.711322535040418e+26
2017-08-16,0.0993797873693262,4.080152979431724e+26
2017-08-17,0.15720526650765737,4.7215745159553e+26
2017-08-18,0.13519603996250712,5.359912692900348e+26
2017-08-21,0.15024623140960203,6.1652193756931174e+26
2017-08-22,0.13981519603347364,7.027210731295021e+26
2017-08-23,0.5532219454367306,1.0914817923055923e+27
2017-08-24,0.5170915563905467,1.6558778110608344e+27
2017-08-25,0.5721077953060584,2.60321841484307e+27
2017-08-28,0.5411806609521516,4.012029877190655e+27
2017-08-29,0.5245769703542066,6.116648355137887e+27
2017-08-30,0.5248295967618584,9.326846444898989e+27
2017-08-31,0.7232311325987842,1.6072312162818229e+28
2017-09-01,0.5012552236846145,2.412864259112063e+28
2017-09-04,-0.14812690773455725,2.0554541376265596e+28
2017-09-05,0.521660791618427,3.127703970196202e+28
2017-09-06,0.5020345110925962,4.697919303716025e+28
2017-09-07,0.48999036575312027,6.999854501622485e+28
2017-09-08,0.10373458833665666,7.725981526764787e+28
2017-09-11,0.07570911647573711,8.310908762064015e+28
2017-09-12,0.061756463384502025,8.824161094720358e+28
2017-09-13,0.06491979620104589,9.397023834634803e+28
2017-09-14,0.06613162976245623,1.0018464335735849e+29
2017-09-15,0.1339428269768087,1.1360365770830644e+29
2017-09-18,0.067582181153698,1.2128124068327191e+29
2017-09-19,0.043665455736605366,1.265770413300079e+29
2017-09-20,0.0661787525740847,1.3495375202974618e+29
2017-09-21,0.045007802122996564,1.4102772379685694e+29
2017-09-22,0.045740499579610065,1.4747840233790043e+29
2017-09-25,0.07519273931159029,1.58567707398984e+29
2017-09-26,0.043601845392580156,1.654815520612504e+29
2017-09-27,0.046700361585004686,1.7320960037815857e+29
2017-09-28,0.034028955764714305,1.7910374220745074e+29
2017-09-29,0.04607036592876893,1.873551171501599e+29
2017-10-02,0.037401292839255584,1.9436244075162604e+29
2017-10-03,0.052392917437306154,2.045456560628393e+29
2017-10-04,0.04522571170388537,2.1379637893421936e+29
2017-10-05,0.04478774159070081,2.233718359069527e+29
2017-10-06,0.053688099542442365,2.353642452681033e+29
2017-10-09,0.05879021339606233,2.492013594732182e+29
2017-10-10,-0.010804339281740117,2.465089034359987e+29
2017-10-11,0.0375953272888316,2.5577648634028606e+29
2017-10-12,0.012062171588980816,2.588617062069492e+29
2017-10-13,0.009158648890728677,2.6123252968535363e+29
2017-10-16,-0.003599516627466973,2.6029221885111595e+29
2017-10-17,-0.009745621663003488,2.5775550936436925e+29
2017-10-18,0.5396456638616062,3.968521523292908e+29
2017-10-19,0.5168921148093374,6.0198190061341524e+29
2017-10-20,-0.012643717063476905,5.9437061178472515e+29
2017-10-23,0.012003424131064054,6.015050943290172e+29
2017-10-24,0.05646347071177143,6.35468159605645e+29
2017-10-25,0.03955520421041987,6.60604232428066e+29
2017-10-26,0.017551774398654706,6.721990088824399e+29
2017-10-27,0.04166433330096188,7.002057324330941e+29
2017-10-30,0.012382934337236506,7.088763340403698e+29
2017-10-31,0.015897948359991025,7.201460133925633e+29
2017-11-01,0.030012574466464378,7.41759449246235e+29
2017-11-02,3.0768531887744635,3.024044375963103e+30
2017-11-03,3.6936265837878692,1.419373507357462e+31
2017-11-06,-0.048912370503229385,1.3499485844831255e+31
2017-11-07,-0.07277879036115015,1.2517009594546969e+31
2017-11-08,-0.02002776966698514,1.2266321809467938e+31
2017-11-09,-0.04798472650974734,1.167772571216007e+31
2017-11-10,-0.00849919188515938,1.1578474480550163e+31
2017-11-13,-0.011209688334144397,1.1448683390238352e+31
2017-11-14,0.01733328184079093,1.1647126646147335e+31
2017-11-15,-0.01636154195988826,1.1456561694814262e+31
2017-11-16,0.013892905676666435,1.1615726625819226e+31
2017-11-17,-0.021652522799781786,1.1364216840217642e+31
2017-11-20,-0.03315518080915879,1.0987434176125739e+31
2017-11-21,-0.04200059287879058,1.0525955426511773e+31
2017-11-22,-0.049455380181348374,1.0005390299121706e+31
2017-11-23,0.09430812757415065,1.0948979923880444e+31
2017-11-24,-0.03177538372049758,1.060107188545112e+31
2017-11-27,0.012548909446023616,1.073410377657243e+31
2017-11-28,-0.0036866786876691366,1.0694530584948112e+31
2017-11-29,-0.0060241401239169295,1.063010523414487e+31
2017-11-30,0.003353423171903838,1.0665752475356828e+31
2017-12-01,0.02071947457313561,1.088674126257334e+31
2017-12-04,0.07905107019039685,1.1747349810265714e+31
2017-12-05,0.06943413160711397,1.2563016843026508e+31
2017-12-06,0.50870509378449,1.8953887504374435e+31
2017-12-07,0.4862950490769986,2.817106915851411e+31
2017-12-08,0.5141188628813543,4.265434720044137e+31
2017-12-11,0.505651613460948,6.422258668346803e+31
2017-12-12,0.4964269731747536,9.61044110001953e+31
2017-12-13,0.06132967254579377,1.0199846305704366e+32
2017-12-14,0.07494197310224884,1.0964242913193535e+32
2017-12-15,0.09566360719767263,1.2013121940461147e+32
2017-12-18,0.04735253308390893,1.2581973694587864e+32
2017-12-19,0.5137168159710482,1.9045545159603025e+32
2017-12-20,0.5155353819239397,2.886419755740861e+32
2017-12-21,0.4928691161777752,4.309046909670929e+32
2017-12-22,0.504616419408723,6.483462732293296e+32
2017-12-26,0.5009921004901362,9.731626344994433e+32
2017-12-27,0.48034802979230146,1.4406193886487365e+33
2017-12-28,0.48574359460770417,2.140391028952527e+33
2017-12-29,0.05939079650097556,2.26751055698556e+33
2018-01-01,-0.08446675557206075,2.0759812970115933e+33
2018-01-02,0.04260274369420589,2.164423796122143e+33
2018-01-03,0.004822125790104624,2.1748609199301398e+33
2018-01-04,-0.022531340612647312,2.1258583877580584e+33
2018-01-05,0.006018167350001903,2.1386521592979915e+33
2018-01-08,-0.043342607264698886,2.0459573986817385e+33
2018-01-09,-0.04624344982361052,1.9513452703745547e+33
2018-01-10,-0.09899299255663242,1.7581757625489466e+33
2018-01-11,-0.057237362470931585,1.657542419140326e+33
2018-01-12,-0.03099143157309603,1.6061728066780344e+33
2018-01-15,-0.3424097639500795,1.056203555080372e+33
2018-01-16,-0.0017553888334296663,1.0543495071539553e+33
2018-01-17,-0.015128287818505226,1.0383990043484311e+33
2018-01-18,-0.0283539402419219,1.0089563010318644e+33
2018-01-19,-0.025896585925963573,9.828277774866503e+32
2018-01-22,-0.055731602761789054,9.280532102085124e+32
2018-01-23,-0.04679838933408953,8.846218147544228e+32
2018-01-24,-0.01678293778954949,8.697752618701209e+32
2018-01-25,-0.03716541883975689,8.374496999662586e+32
2018-01-26,-0.09372956755811616,7.589559017367471e+32
2018-01-29,-0.045176024916866106,7.246692910090853e+32
2018-01-30,0.003433428072970978,7.271573908964557e+32
2018-01-31,-0.0021523776141131514,7.255922736063532e+32
2018-02-01,0.0022446989978371426,7.272210098557557e+32
2018-02-02,-0.022230193945139847,7.110547457656819e+32
2018-02-06,0.07700904177559474,7.65812390387086e+32
2018-02-07,0.08304101242280594,8.294062266107589e+32
2018-02-08,0.14973800078492047,9.535998568220186e+32
2018-02-09,0.11805916912977009,1.0661810636006939e+33
2018-02-12,0.1268031806103034,1.2013762135717381e+33
2018-02-13,0.13442408621491758,1.3628701132814565e+33
2018-02-14,0.038893087149257016,1.41587633937043e+33
2018-02-15,-0.0005046793457017841,1.415161775825882e+33
2018-02-16,0.025725066663729756,1.451566906848965e+33
2018-02-19,-0.15107897220609146,1.232265670473848e+33
2018-02-20,-0.016814854102408443,1.2115453030094237e+33
2018-02-21,0.0011755175067648706,1.2129694957233501e+33
2018-02-22,-0.004871542112532462,1.2070604637437166e+33
2018-02-23,0.009770191540673916,1.2188536756756673e+33
2018-02-26,-0.06917702645019352,1.1345370027145361e+33
2018-02-27,-0.01395445062934896,1.1187051621229866e+33
2018-02-28,-0.029586518044790778,1.0856065716570343e+33
2018-03-01,-0.05117458565052818,1.0300511051729952e+33
2018-03-02,-0.04988447321886151,9.786675484029343e+32
2018-03-05,-0.0758029057972079,9.044817044245622e+32
2018-03-06,-0.07406887595099813,8.37487761259592e+32
2018-03-07,-0.03987925393379435,8.040893741618757e+32
2018-03-08,-0.024042943763212244,7.847566985583053e+32
2018-03-09,0.45683064489320274,1.1432576072449565e+33
2018-03-12,0.42876773687752756,1.633449584171394e+33
2018-03-13,0.42505314942438155,2.327752474349391e+33
2018-03-14,0.4112678263856385,3.285082174838857e+33
2018-03-15,0.4112512703666533,4.636076392500185e+33
2018-03-16,0.6269825740743872,7.542815502675449e+33
2018-03-19,0.44306681007876675,1.0884786706458528e+34
2018-03-20,0.44024786641456093,1.5676790830354469e+34
2018-03-21,0.42426594711724824,2.23279193397538e+34
2018-03-22,0.43762461708604217,3.2099166491141596e+34
2018-03-23,0.7003174962849138,5.457877440105047e+34
2018-03-26,0.4458245635718289,7.891133267868412e+34
2018-03-27,6.901577890897138,6.2352404163511924e+35
2018-03-28,0.04292206595923396,6.5028698167734996e+35
2018-03-29,0.01512922703143391,6.601253210587324e+35
2018-04-02,0.09848586068022806,7.251383314600135e+35
2018-04-03,0.03182820247586567,7.482181810967342e+35
2018-04-04,0.06034621263338271,7.933703145493606e+35
2018-04-05,0.03517771041907036,8.212792657296647e+35
2018-04-06,0.12232857419924638,9.217451873257786e+35
2018-04-09,0.06529538777143588,9.819308967586702e+35
2018-04-10,0.06089282118532115,1.041723439271338e+36
2018-04-11,0.05586311541828218,1.0999173559932827e+36
2018-04-12,0.0698768895769317,1.1767761596217761e+36
2018-04-13,0.09075227306899088,1.28357127100085e+36
2018-04-16,0.029224303534441998,1.3210827474326683e+36
2018-04-17,0.012538545934901058,1.337647204145158e+36
2018-04-18,0.035857152521826675,1.385611423964586e+36
2018-04-19,0.05330477351186105,1.4594711270944656e+36
2018-04-20,0.05787503285824835,1.5439380665307223e+36
2018-04-23,0.0851508865520642,1.6754057616772934e+36
2018-04-24,0.14258591395071696,1.914295023444347e+36
2018-04-25,0.09663376541763265,2.0992805596800094e+36
2018-04-26,0.09109343626996216,2.290511239555991e+36
2018-04-27,0.07611867845048381,2.4648619280869727e+36
2018-04-30,0.08567493936105415,2.6760388243091947e+36
2018-05-01,0.09195302648638967,2.922108693199505e+36
2018-05-02,0.0538733843872353,3.079532578049524e+36
2018-05-03,0.06373005289142059,3.275791352129473e+36
2018-05-04,0.1065476829871497,3.6248193306482106e+36
2018-05-07,0.06751177206908575,3.869537307090548e+36
2018-05-08,0.036469872465573504,4.0106588391809187e+36
2018-05-09,0.06177619176339006,4.258422068727695e+36
2018-05-10,0.03436003898981181,4.404741617044253e+36
2018-05-11,0.03268233174157157,4.5486988438084e+36
2018-05-14,0.03585310079164734,4.7117838019263125e+36
2018-05-15,0.05188579851926356,4.956258466939391e+36
2018-05-16,0.054765549770374386,5.227690686685399e+36
2018-05-17,0.04718401518951159,5.47435412345203e+36
2018-05-18,0.04515572954312765,5.721552577673936e+36
2018-05-21,0.0652908784514265,6.095117771576291e+36
2018-05-22,0.07529026171174065,6.554020783762151e+36
2018-05-23,0.04003991716849041,6.816443233064552e+36
2018-05-24,0.026082668451805412,6.994234261933127e+36
2018-05-25,0.019894558385495354,7.133381463818987e+36
2018-05-28,-0.07335066635460599,6.61014318008627e+36
2018-05-29,-0.001903628054895144,6.597559926081784e+36
2018-05-30,-0.0374773871513165,6.350300618478005e+36
2018-05-31,-0.04321088593356808,6.075898502809086e+36
2018-06-01,-0.0027369561727065596,6.059269034897084e+36
2018-06-04,0.016858253011049176,6.161417725349395e+36
2018-06-05,0.001713161020019843,6.171973226024522e+36
2018-06-06,-0.006213680828287275,6.133622554317271e+36
2018-06-07,0.009446596567729153,6.19156441208663e+36
2018-06-08,-0.0021054688607911143,6.1785282660174e+36
2018-06-11,-0.0016242410713285301,6.16849284664737e+36
2018-06-12,-0.025166437958979528,6.01325385412181e+36
2018-06-13,-0.011828011034550067,5.942129021181706e+36
2018-06-14,-0.021600072993454487,5.813778600587657e+36
2018-06-15,-0.01024239665438537,5.75423157409966e+36
2018-06-18,0.0019120127884891941,5.765233738457267e+36
2018-06-19,-0.0005927126530342591,5.761816611472783e+36
2018-06-20,-0.007966160409425879,5.715917056096096e+36
2018-06-21,0.007266277672334961,5.757450496577726e+36
2018-06-22,0.004507817409855115,5.783404032162578e+36
2018-06-25,0.029388552244873335,5.953369903714999e+36
2018-06-26,-0.0033323194777968683,5.93353137322632e+36
2018-06-27,0.07760730838473102,6.394016772318772e+36
2018-06-28,0.06386896716056156,6.80239601957408e+36
2018-06-29,0.04247315916076387,7.091315268387996e+36
2018-07-02,0.07328316685350013,7.610989308412047e+36
2018-07-03,0.10500177483810277,8.410156694069136e+36
2018-07-04,0.15867565838819386,9.744643844648431e+36
2018-07-05,0.06905660188388192,1.0417575835128537e+37
2018-07-06,0.070550239909234,1.1152538309569493e+37
2018-07-10,0.46002127417036764,1.6282943192971487e+37
2018-07-11,0.479359484262859,2.408832644423573e+37
2018-07-12,0.48865848053853955,3.5859291443192287e+37
2018-07-13,0.5007814520547352,5.381695948176807e+37
2018-07-16,0.5077946454032621,8.114492333849421e+37
2018-07-17,0.027883887832234715,8.340755927902006e+37
2018-07-18,0.4831981851072904,1.2370994054687129e+38
2018-07-19,0.46868824119160896,1.816913349997029e+38
2018-07-20,0.46632772915664983,2.6641904265755448e+38
2018-07-23,0.45472346543465414,3.875660329925806e+38
2018-07-24,0.44745038108614626,5.609826021511567e+38
2018-07-25,-0.012423942220491778,5.540129867153296e+38
2018-07-26,0.024660740707215672,5.676753573291465e+38
2018-07-27,0.06080671466172601,6.021938308027532e+38
2018-07-30,0.06229440876363376,6.397071394537184e+38
2018-07-31,0.07746418008427332,6.892615285055565e+38
2018-08-01,0.04652119694567876,7.21326799820243e+38
2018-08-02,0.017275332667137388,7.337879602488593e+38
2018-08-03,0.05545657391322066,7.744813265030316e+38
2018-08-06,0.477161317120957,1.144033856342804e+39
2018-08-07,0.048421267594682446,1.1994294258381555e+39
2018-08-08,0.07794834465614371,1.2929229641141087e+39
2018-08-09,0.07220663738233535,1.3862805837471904e+39
2018-08-10,0.04719486626932548,1.4517059105089016e+39
2018-08-13,0.09117783529208306,1.5840693129098256e+39
2018-08-14,0.06849388727258815,1.6925683778602376e+39
2018-08-15,0.11732361529868877,1.891146619091038e+39
2018-08-16,0.0635310082748555,2.0112930705974755e+39
2018-08-17,0.047177721947959037,2.1061812958379798e+39
2018-08-20,0.04453240968193935,2.1999746241686745e+39
2018-08-21,0.03140380030457399,2.269062187941198e+39
2018-08-22,0.029226188754242287,2.3353782277410812e+39
2018-08-23,-0.005733661913264161,2.3219879585436157e+39
2018-08-24,-0.03017355676680627,2.2519253230646595e+39
2018-08-27,-0.08616803892031029,2.0578813341811914e+39
2018-08-28,-0.0672340627521705,1.9195216114223328e+39
2018-08-29,-0.07978068789267632,1.7663808568382004e+39
2018-08-30,-0.018313845385724635,1.734031630933762e+39
2018-08-31,-0.0075330615920216615,1.720969063855424e+39
2018-09-03,-0.08030705683155642,1.5827631034390358e+39
2018-09-04,-0.03539392544146244,1.5267429041644168e+39
2018-09-05,-0.013778370278126017,1.505706875111338e+39
2018-09-06,-0.001070413429958299,1.5040951462506383e+39
2018-09-07,-0.005281041117840217,1.4961519579381447e+39
2018-09-10,0.019845371209453774,1.5258436489291782e+39
2018-09-11,0.011631136223706411,1.5435909442659507e+39
2018-09-12,0.006398701831741459,1.5534679224684847e+39
2018-09-13,-0.001308293880932657,1.551435529891294e+39
2018-09-14,0.011412592418929415,1.5691414312581892e+39
2018-09-17,0.0171829219387156,1.596103865982303e+39
2018-09-18,-0.03638566185453125,1.538028570429961e+39
2018-09-19,-0.047767484891952566,1.4645608139285563e+39
2018-09-20,-0.08018048458196897,1.3471316181680018e+39
2018-09-21,-0.10193418870631839,1.2098128495894167e+39
2018-09-24,-0.04819206866736994,1.1515094656673371e+39
2018-09-25,-0.04007851401659808,1.1053586774073433e+39
2018-09-26,-0.022067472185910677,1.0809662055382018e+39
2018-09-27,-0.007666337615003147,1.072679153656137e+39
2018-09-28,-0.03074716443976083,1.0396973113275685e+39
2018-10-01,-0.024686318227236072,1.0140310126401343e+39
2018-10-02,-0.05571068279456923,9.57538652551084e+38
2018-10-03,-0.0034240979245428564,9.542599464382142e+38
2018-10-04,0.01609522048778463,9.696189706787988e+38
2018-10-05,0.009721334154218353,9.790449606950367e+38
2018-10-08,-0.0034109773270825927,9.757054605319115e+38
2018-10-09,0.07080133735590732,1.0447867120030322e+39
2018-10-10,0.012538866782562602,1.0578871534010297e+39
2018-10-11,0.0501243843466627,1.1109130956734999e+39
2018-10-12,-0.04413977568189346,1.0618776408283939e+39
2018-10-15,-0.034615201271945735,1.0251205325649401e+39
2018-10-16,-0.08788257135541269,9.350303042139032e+38
2018-10-17,-0.06108888838661695,8.779103423216755e+38
2018-10-18,-0.0800679919539667,8.076178240963593e+38
2018-10-19,-0.0954614739540949,7.305214362165219e+38
2018-10-22,-0.015096132728634954,7.194933876542843e+38
2018-10-23,-0.06822234169488753,6.7040786391452155e+38
2018-10-24,-0.024393702316876757,6.540541340512975e+38
2018-10-25,-0.02992784710920413,6.344797019262673e+38
2018-10-26,0.01937038627463432,6.46769818835994e+38
2018-10-29,0.0776182601962493,6.969709669214873e+38
2018-10-30,0.012683561643128005,7.058110411439066e+38
2018-10-31,0.008361697545998283,7.117128195945781e+38
2018-11-01,-0.07140327225698441,6.6089419536828044e+38
2018-11-02,-0.0978387181523976,5.962331544590876e+38
2018-11-05,-0.05639943432238777,5.626059418233422e+38
2018-11-06,-0.11348776955816423,4.987570483456408e+38
2018-11-07,-0.14523810848407998,4.263185180508171e+38
2018-11-08,-0.11380349898291381,3.7780197901542366e+38
2018-11-09,-0.025866743614836752,3.680294720870537e+38
2018-11-12,0.02516697870829588,3.77291661975094e+38
2018-11-13,0.006597623780737777,3.797808904164149e+38
2018-11-14,-0.05034399438878259,3.606612034003241e+38
2018-11-15,-0.05324831559868721,3.414566018174613e+38
2018-11-16,-0.08461662396885743,3.125636969397893e+38
2018-11-19,-0.052786664910464,2.960645018062528e+38
2018-11-20,-0.0674446905862616,2.7609652308835438e+38
2018-11-21,-0.1002072283867088,2.4842965574246343e+38
2018-11-22,-0.0626390333519575,2.3286826225079593e+38
2018-11-23,-0.12471272195587992,2.0382662740836348e+38
2018-11-26,-0.07989529664447158,1.875418385475301e+38
2018-11-27,-0.09411725587710192,1.6989091534129007e+38
2018-11-28,-0.006787519378472375,1.6873777746118467e+38
2018-11-29,0.06616908642258894,1.799030020407694e+38
